Date,Outdoor Temperature,Feels Like,Dew Point,Wind Speed,Wind Gust,Max Daily Gust,Wind Direction,Hourly Rain,Event Rain,Daily Rain,Weekly Rain,Monthly Rain,Total Rain,Relative Pressure,Outdoor Humidity,Ultra-Violet Radiation Index,Solar Radiation,Absolute Pressure
2020-11-22T15:00:00-08:00,41.7,41.7,38.7,0,0,2.2,90,0,0,0,0,5.92,7.77,29.84,89,0,25.1,29.91
2020-11-22T14:55:00-08:00,41.7,41.7,39,0,0,2.2,90,0,0,0,0,5.92,7.77,29.84,90,0,22,29.91
2020-11-22T14:50:00-08:00,41.9,41.9,39.2,0,0,2.2,90,0,0,0,0,5.92,7.77,29.84,90,0,18.6,29.91
2020-11-22T14:45:00-08:00,41.9,41.9,38.9,0,0,2.2,90,0,0,0,0,5.92,7.77,29.84,89,0,23.9,29.91
2020-11-22T14:40:00-08:00,41.9,41.9,39.2,0,0,2.2,90,0,0,0,0,5.92,7.77,29.84,90,0,21.6,29.91
2020-11-22T14:35:00-08:00,41.9,41.9,39.2,0,0,2.2,90,0,0,0,0,5.92,7.77,29.84,90,0,16.9,29.91
2020-11-22T14:30:00-08:00,42.1,42.1,39.4,0,0,2.2,90,0,0,0,0,5.92,7.77,29.85,90,0,16,29.92
2020-11-22T14:25:00-08:00,42.1,42.1,38.8,0,0,2.2,89,0,0,0,0,5.92,7.77,29.85,88,0,14.3,29.92
2020-11-22T14:20:00-08:00,42.1,42.1,39.4,0,0,2.2,89,0,0,0,0,5.92,7.77,29.84,90,0,18.6,29.91
2020-11-22T14:15:00-08:00,42.3,42.3,39.3,0,0,2.2,89,0,0,0,0,5.92,7.77,29.84,89,0,21.2,29.91
2020-11-22T14:10:00-08:00,42.4,42.4,39.1,0,0,2.2,89,0,0,0,0,5.92,7.77,29.84,88,0,19.9,29.91
2020-11-22T14:05:00-08:00,42.4,42.4,39.4,0,0,2.2,89,0,0,0,0,5.92,7.77,29.84,89,0,24.7,29.91
2020-11-22T14:00:00-08:00,42.4,42.4,39.4,0,0,2.2,89,0,0,0,0,5.92,7.77,29.85,89,0,31.2,29.92
2020-11-22T13:55:00-08:00,42.3,42.3,39.3,0,0,2.2,89,0,0,0,0,5.92,7.77,29.85,89,0,32,29.92
2020-11-22T13:50:00-08:00,42.3,42.3,39,0,0,2.2,92,0,0,0,0,5.92,7.77,29.85,88,0,37.2,29.92
2020-11-22T13:45:00-08:00,42.1,42.1,39.1,0,0,2.2,92,0,0,0,0,5.92,7.77,29.85,89,0,42.5,29.92
2020-11-22T13:40:00-08:00,42.1,42.1,39.1,0,0,2.2,92,0,0,0,0,5.92,7.77,29.86,89,0,36,29.93
2020-11-22T13:35:00-08:00,42.1,42.1,39.1,0,0,2.2,91,0,0,0,0,5.92,7.77,29.85,89,0,32.4,29.92
2020-11-22T13:30:00-08:00,42.1,42.1,39.4,0,0,2.2,91,0,0,0,0,5.92,7.77,29.85,90,0,27.3,29.92
2020-11-22T13:25:00-08:00,42.3,42.3,39.9,0,0,2.2,91,0,0,0,0,5.92,7.77,29.86,91,0,21.6,29.93
2020-11-22T13:20:00-08:00,42.1,42.1,39.1,0,0,2.2,91,0,0,0,0,5.92,7.77,29.86,89,0,25.9,29.93
2020-11-22T13:15:00-08:00,41.9,41.9,38.6,0,0,2.2,91,0,0,0,0,5.92,7.77,29.86,88,0,33.8,29.93
2020-11-22T13:10:00-08:00,41.9,41.9,38.9,0,0,2.2,91,0,0,0,0,5.92,7.77,29.86,89,0,34.3,29.93
2020-11-22T13:05:00-08:00,41.9,41.9,38.9,0,0,2.2,85,0,0,0,0,5.92,7.77,29.86,89,0,39,29.93
2020-11-22T13:00:00-08:00,41.9,41.9,39.5,0,0,2.2,94,0,0,0,0,5.92,7.77,29.87,91,0,47.7,29.94
2020-11-22T12:55:00-08:00,41.7,41.7,39.3,0,0,2.2,87,0,0,0,0,5.92,7.77,29.86,91,0,48.9,29.93
2020-11-22T12:50:00-08:00,41.7,41.7,39,0,0,2.2,87,0,0,0,0,5.92,7.77,29.86,90,0,50.3,29.93
2020-11-22T12:45:00-08:00,41.5,41.5,39.1,0,0,2.2,212,0,0,0,0,5.92,7.77,29.86,91,0,44.2,29.93
2020-11-22T12:40:00-08:00,41.5,41.5,38.5,0,0,2.2,215,0,0,0,0,5.92,7.77,29.86,89,0,37.2,29.93
2020-11-22T12:35:00-08:00,41.7,41.7,39,0,0,2.2,216,0,0,0,0,5.92,7.77,29.86,90,0,32.4,29.93
2020-11-22T12:30:00-08:00,41.7,41.7,39.3,0,0,2.2,217,0,0,0,0,5.92,7.77,29.86,91,0,34.6,29.93
2020-11-22T12:25:00-08:00,41.9,41.9,39.2,0,0,2.2,203,0,0,0,0,5.92,7.77,29.87,90,0,42.5,29.94
2020-11-22T12:20:00-08:00,41.9,41.9,39.5,0,0,2.2,202,0,0,0,0,5.92,7.77,29.87,91,0,49.4,29.94
2020-11-22T12:15:00-08:00,41.7,41.7,39,0,0,2.2,202,0,0,0,0,5.92,7.77,29.86,90,0,55.4,29.93
2020-11-22T12:10:00-08:00,41.7,41.7,39,0,0,2.2,202,0,0,0,0,5.92,7.77,29.87,90,0,57.3,29.94
2020-11-22T12:05:00-08:00,41.5,41.5,39.1,0,0,2.2,197,0,0,0,0,5.92,7.77,29.87,91,0,53.7,29.94
2020-11-22T12:00:00-08:00,41.5,41.5,39.1,0,0,2.2,193,0,0,0,0,5.92,7.77,29.87,91,0,52.9,29.94
2020-11-22T11:55:00-08:00,41.7,41.7,38.7,0,0,2.2,192,0,0,0,0,5.92,7.77,29.87,89,0,55.9,29.94
2020-11-22T11:50:00-08:00,41.7,41.7,38.7,0,0,2.2,191,0,0,0,0,5.92,7.77,29.89,89,0,55.4,29.96
2020-11-22T11:45:00-08:00,41.5,41.5,38.8,0,0,2.2,191,0,0,0,0,5.92,7.77,29.88,90,0,68.9,29.95
2020-11-22T11:40:00-08:00,41.4,41.4,38.7,0.2,1.1,2.2,197,0,0,0,0,5.92,7.77,29.88,90,0,69.7,29.95
2020-11-22T11:35:00-08:00,41.2,41.2,38.8,0,0,2.2,197,0,0,0,0,5.92,7.77,29.88,91,0,62.9,29.95
2020-11-22T11:30:00-08:00,40.6,40.6,38.5,0,0,2.2,197,0,0,0,0,5.92,7.77,29.89,92,0,69.7,29.96
2020-11-22T11:25:00-08:00,40.5,40.5,38.4,0,0,2.2,197,0,0,0,0,5.92,7.77,29.89,92,0,62,29.96
2020-11-22T11:20:00-08:00,40.6,40.6,38.5,0,0,2.2,198,0,0,0,0,5.92,7.77,29.89,92,0,59.3,29.96
2020-11-22T11:15:00-08:00,40.6,40.6,38.5,0,0,2.2,192,0,0,0,0,5.92,7.77,29.9,92,0,58.1,29.97
2020-11-22T11:10:00-08:00,40.6,40.6,37.9,0,0,2.2,191,0,0,0,0,5.92,7.77,29.89,90,0,62.9,29.96
2020-11-22T11:05:00-08:00,40.8,40.8,38.4,0.2,1.1,2.2,192,0,0,0,0,5.92,7.77,29.9,91,0,59.3,29.97
2020-11-22T11:00:00-08:00,40.6,40.6,38.5,0.2,1.1,1.1,180,0,0,0,0,5.92,7.77,29.89,92,0,57.6,29.96
2020-11-22T10:55:00-08:00,40.3,40.3,38.2,0,0,1.1,181,0,0,0,0,5.92,7.77,29.9,92,0,62.9,29.97
2020-11-22T10:50:00-08:00,40.1,40.1,38,0,0,1.1,182,0,0,0,0,5.92,7.77,29.89,92,0,57.6,29.96
2020-11-22T10:45:00-08:00,39.9,39.9,38.3,0,0,1.1,181,0,0,0,0,5.92,7.77,29.89,94,0,39.9,29.96
2020-11-22T10:40:00-08:00,39.7,39.7,38.1,0,0,1.1,181,0,0,0,0,5.92,7.77,29.89,94,0,35.5,29.96
2020-11-22T10:35:00-08:00,39.7,39.7,38.1,0,0,1.1,184,0,0,0,0,5.92,7.77,29.9,94,0,43.3,29.97
2020-11-22T10:30:00-08:00,39.6,39.6,38.6,0,0,1.1,184,0,0,0,0,5.92,7.77,29.91,96,0,48.9,29.98
2020-11-22T10:25:00-08:00,39.4,39.4,38.4,0,0,1.1,184,0,0,0,0,5.92,7.77,29.91,96,0,45.9,29.98
2020-11-22T10:20:00-08:00,39.2,39.2,38.2,0,0,1.1,184,0,0,0,0,5.92,7.77,29.91,96,0,42.9,29.98
2020-11-22T10:15:00-08:00,39,39,38.2,0,0,1.1,184,0,0,0,0,5.92,7.77,29.91,97,0,44.6,29.98
2020-11-22T10:10:00-08:00,38.7,38.7,37.9,0,0,1.1,184,0,0,0,0,5.92,7.77,29.91,97,0,48.6,29.99
2020-11-22T10:05:00-08:00,38.5,38.5,37.7,0,0,1.1,184,0,0,0,0,5.92,7.77,29.92,97,0,46.4,29.99
2020-11-22T10:00:00-08:00,38.3,38.3,37.8,0,0,1.1,182,0,0,0,0,5.92,7.77,29.91,98,0,41.6,29.99
2020-11-22T09:55:00-08:00,38.1,38.1,37.6,0,0,1.1,182,0,0,0,0,5.92,7.77,29.91,98,0,39.9,29.99
2020-11-22T09:50:00-08:00,37.9,37.9,37.1,0,0,1.1,182,0,0,0,0,5.92,7.77,29.91,97,0,27.6,29.98
2020-11-22T09:45:00-08:00,37.9,37.9,37.4,0,0,1.1,183,0,0,0,0,5.92,7.77,29.91,98,0,22,29.98
2020-11-22T09:40:00-08:00,38.1,38.1,37.3,0,0,1.1,183,0,0,0,0,5.92,7.77,29.91,97,0,18.6,29.99
2020-11-22T09:35:00-08:00,38.1,38.1,37.3,0,0,1.1,183,0,0,0,0,5.92,7.77,29.91,97,0,21.6,29.98
2020-11-22T09:30:00-08:00,38.1,38.1,37.3,0,0,1.1,183,0,0,0,0,5.92,7.77,29.91,97,0,21.6,29.98
2020-11-22T09:25:00-08:00,38.1,38.1,37.3,0,0,1.1,183,0,0,0,0,5.92,7.77,29.91,97,0,25.1,29.98
2020-11-22T09:20:00-08:00,38.1,38.1,37.6,0,0,1.1,183,0,0,0,0,5.92,7.77,29.91,98,0,25.1,29.98
2020-11-22T09:15:00-08:00,37.9,37.9,37.4,0,0,1.1,183,0,0,0,0,5.92,7.77,29.91,98,0,25.6,29.98
2020-11-22T09:10:00-08:00,37.9,37.9,37.4,0,0,1.1,183,0,0,0,0,5.92,7.77,29.92,98,0,24.7,29.99
2020-11-22T09:05:00-08:00,37.9,37.9,37.6,0,0,1.1,183,0,0,0,0,5.92,7.77,29.92,99,0,22.5,29.99
2020-11-22T09:00:00-08:00,37.8,37.8,37.5,0,0,1.1,183,0,0,0,0,5.92,7.77,29.92,99,0,22.9,29.99
2020-11-22T08:55:00-08:00,37.6,37.6,37.3,0,0,1.1,183,0,0,0,0,5.92,7.77,29.93,99,0,23.9,30
2020-11-22T08:50:00-08:00,37.4,37.4,37.1,0,0,1.1,183,0,0,0,0,5.92,7.77,29.92,99,0,19.1,29.99
2020-11-22T08:45:00-08:00,37.4,37.4,37.1,0,0,1.1,182,0,0,0,0,5.92,7.77,29.92,99,0,16.4,29.99
2020-11-22T08:40:00-08:00,37.2,37.2,36.9,0,0,1.1,183,0,0,0,0,5.92,7.77,29.92,99,0,16.9,29.99
2020-11-22T08:35:00-08:00,37,37,36.7,0,0,1.1,183,0,0,0,0,5.92,7.77,29.92,99,0,13.3,29.99
2020-11-22T08:30:00-08:00,37,37,36.7,0,0,1.1,183,0,0,0,0,5.92,7.77,29.93,99,0,13.3,30
2020-11-22T08:25:00-08:00,36.9,36.9,36.6,0,0,1.1,182,0,0,0,0,5.92,7.77,29.93,99,0,13.8,30
2020-11-22T08:20:00-08:00,36.7,36.7,36.4,0,0,1.1,182,0,0,0,0,5.92,7.77,29.93,99,0,11.3,30
2020-11-22T08:15:00-08:00,36.7,36.7,36.4,0,0,1.1,182,0,0,0,0,5.92,7.77,29.93,99,0,8.2,30
2020-11-22T08:10:00-08:00,36.5,36.5,36.2,0,0,1.1,185,0,0,0,0,5.92,7.77,29.93,99,0,9.1,30
2020-11-22T08:05:00-08:00,36.5,36.5,36.2,0,0,1.1,185,0,0,0,0,5.92,7.77,29.93,99,0,7.3,30
2020-11-22T08:00:00-08:00,36.3,36.3,36,0,0,1.1,185,0,0,0,0,5.92,7.77,29.93,99,0,5.1,30
2020-11-22T07:55:00-08:00,36.3,36.3,36,0,0,1.1,185,0,0,0,0,5.92,7.77,29.91,99,0,4.8,29.99
2020-11-22T07:50:00-08:00,36.3,36.3,36,0,0,1.1,185,0,0,0,0,5.92,7.77,29.92,99,0,3.4,29.99
2020-11-22T07:45:00-08:00,36.5,36.5,36.2,0,0,1.1,185,0,0,0,0,5.92,7.77,29.92,99,0,1.7,29.99
2020-11-22T07:40:00-08:00,36.3,36.3,36,0,0,1.1,185,0,0,0,0,5.92,7.77,29.93,99,0,1.2,30
2020-11-22T07:35:00-08:00,36.3,36.3,36,0,0,1.1,185,0,0,0,0,5.92,7.77,29.93,99,0,0.8,30.01
2020-11-22T07:30:00-08:00,36.3,36.3,36,0,0,1.1,184,0,0,0,0,5.92,7.77,29.93,99,0,0,30
2020-11-22T07:25:00-08:00,36.3,36.3,36,0,0,1.1,184,0,0,0,0,5.92,7.77,29.93,99,0,0,30
2020-11-22T07:20:00-08:00,36.5,36.5,36.2,0,0,1.1,184,0,0,0,0,5.92,7.77,29.94,99,0,0,30.01
2020-11-22T07:15:00-08:00,36.5,36.5,36.2,0,0,1.1,184,0,0,0,0,5.92,7.77,29.93,99,0,0,30
2020-11-22T07:10:00-08:00,36.5,36.5,36.2,0,0,1.1,184,0,0,0,0,5.92,7.77,29.93,99,0,0,30
2020-11-22T07:05:00-08:00,36.5,36.5,36.2,0,0,1.1,184,0,0,0,0,5.92,7.77,29.94,99,0,0,30.01
2020-11-22T07:00:00-08:00,36.5,36.5,36.2,0,0,1.1,184,0,0,0,0,5.92,7.77,29.94,99,0,0,30.01
2020-11-22T06:55:00-08:00,36.5,36.5,36.2,0,0,1.1,184,0,0,0,0,5.92,7.77,29.94,99,0,0,30.01
2020-11-22T06:50:00-08:00,36.5,36.5,36.2,0,0,1.1,184,0,0,0,0,5.92,7.77,29.94,99,0,0,30.02
2020-11-22T06:45:00-08:00,36.7,36.7,36.4,0,0,1.1,184,0,0,0,0,5.92,7.77,29.95,99,0,0,30.02
2020-11-22T06:40:00-08:00,36.5,36.5,36.2,0,0,1.1,184,0,0,0,0,5.92,7.77,29.94,99,0,0,30.02
2020-11-22T06:35:00-08:00,36.5,36.5,36.2,0,0,1.1,184,0,0,0,0,5.92,7.77,29.94,99,0,0,30.01
2020-11-22T06:30:00-08:00,36.5,36.5,36.2,0,0,1.1,184,0,0,0,0,5.92,7.77,29.95,99,0,0,30.02
2020-11-22T06:25:00-08:00,36.5,36.5,36.2,0,0,1.1,184,0,0,0,0,5.92,7.77,29.95,99,0,0,30.02
2020-11-22T06:20:00-08:00,36.5,36.5,36.2,0,0,1.1,184,0,0,0,0,5.92,7.77,29.95,99,0,0,30.02
2020-11-22T06:15:00-08:00,36.5,36.5,36.2,0,0,1.1,184,0,0,0,0,5.92,7.77,29.96,99,0,0,30.03
2020-11-22T06:10:00-08:00,36.5,36.5,36.2,0,0,1.1,190,0,0,0,0,5.92,7.77,29.96,99,0,0,30.03
2020-11-22T06:05:00-08:00,36.3,36.3,36,0,0,1.1,192,0,0,0,0,5.92,7.77,29.96,99,0,0,30.03
2020-11-22T06:00:00-08:00,36.3,36.3,36,0,0,1.1,192,0,0,0,0,5.92,7.77,29.96,99,0,0,30.03
2020-11-22T05:55:00-08:00,36.3,36.3,36,0,0,1.1,192,0,0,0,0,5.92,7.77,29.96,99,0,0,30.04
2020-11-22T05:50:00-08:00,36.3,36.3,36,0,0,1.1,192,0,0,0,0,5.92,7.77,29.96,99,0,0,30.04
2020-11-22T05:45:00-08:00,36.3,36.3,36,0,0,1.1,192,0,0,0,0,5.92,7.77,29.96,99,0,0,30.03
2020-11-22T05:40:00-08:00,36.5,36.5,36.2,0,0,1.1,192,0,0,0,0,5.92,7.77,29.96,99,0,0,30.03
2020-11-22T05:35:00-08:00,36.5,36.5,36.2,0,0,1.1,192,0,0,0,0,5.92,7.77,29.97,99,0,0,30.04
2020-11-22T05:30:00-08:00,36.7,36.7,36.4,0,0,1.1,192,0,0,0,0,5.92,7.77,29.96,99,0,0,30.03
2020-11-22T05:25:00-08:00,36.7,36.7,36.4,0,0,1.1,192,0,0,0,0,5.92,7.77,29.97,99,0,0,30.04
2020-11-22T05:20:00-08:00,36.7,36.7,36.4,0.2,1.1,1.1,192,0,0,0,0,5.92,7.77,29.97,99,0,0,30.04
2020-11-22T05:15:00-08:00,36.7,36.7,36.4,0,0,1.1,192,0,0,0,0,5.92,7.77,29.97,99,0,0,30.04
2020-11-22T05:10:00-08:00,36.7,36.7,36.4,0,0,1.1,192,0,0,0,0,5.92,7.77,29.97,99,0,0,30.04
2020-11-22T05:05:00-08:00,36.7,36.7,36.4,0,0,1.1,192,0,0,0,0,5.92,7.77,29.98,99,0,0,30.05
2020-11-22T05:00:00-08:00,36.7,36.7,36.4,0,0,1.1,192,0,0,0,0,5.92,7.77,29.98,99,0,0,30.05
2020-11-22T04:55:00-08:00,36.7,36.7,36.4,0,0,1.1,191,0,0,0,0,5.92,7.77,29.98,99,0,0,30.05
2020-11-22T04:50:00-08:00,36.7,36.7,36.4,0,0,1.1,191,0,0,0,0,5.92,7.77,29.98,99,0,0,30.05
2020-11-22T04:45:00-08:00,36.7,36.7,36.4,0,0,1.1,192,0,0,0,0,5.92,7.77,29.99,99,0,0,30.06
2020-11-22T04:40:00-08:00,36.7,36.7,36.4,0,0,1.1,191,0,0,0,0,5.92,7.77,29.98,99,0,0,30.05
2020-11-22T04:35:00-08:00,36.7,36.7,36.4,0,0,1.1,191,0,0,0,0,5.92,7.77,29.99,99,0,0,30.06
2020-11-22T04:30:00-08:00,36.7,36.7,36.4,0,0,1.1,195,0,0,0,0,5.92,7.77,29.99,99,0,0,30.06
2020-11-22T04:25:00-08:00,36.7,36.7,36.4,0,0,1.1,195,0,0,0,0,5.92,7.77,29.99,99,0,0,30.06
2020-11-22T04:20:00-08:00,36.7,36.7,36.4,0,0,1.1,195,0,0,0,0,5.92,7.77,29.99,99,0,0,30.07
2020-11-22T04:15:00-08:00,36.7,36.7,36.4,0,0,1.1,195,0,0,0,0,5.92,7.77,29.99,99,0,0,30.07
2020-11-22T04:10:00-08:00,36.7,36.7,36.4,0,0,1.1,195,0,0,0,0,5.92,7.77,29.99,99,0,0,30.06
2020-11-22T04:05:00-08:00,36.9,36.9,36.6,0,0,1.1,195,0,0,0,0,5.92,7.77,29.99,99,0,0,30.07
2020-11-22T04:00:00-08:00,36.9,36.9,36.6,0,0,1.1,195,0,0,0,0,5.92,7.77,29.99,99,0,0,30.06
2020-11-22T03:55:00-08:00,36.9,36.9,36.6,0,0,1.1,195,0,0,0,0,5.92,7.77,29.99,99,0,0,30.06
2020-11-22T03:50:00-08:00,36.9,36.9,36.6,0,0,1.1,195,0,0,0,0,5.92,7.77,29.99,99,0,0,30.07
2020-11-22T03:45:00-08:00,36.9,36.9,36.6,0,0,1.1,195,0,0,0,0,5.92,7.77,30,99,0,0,30.07
2020-11-22T03:40:00-08:00,36.9,36.9,36.6,0,0,1.1,195,0,0,0,0,5.92,7.77,30,99,0,0,30.07
2020-11-22T03:35:00-08:00,36.9,36.9,36.6,0,0,1.1,195,0,0,0,0,5.92,7.77,30,99,0,0,30.07
2020-11-22T03:30:00-08:00,36.9,36.9,36.6,0,0,1.1,195,0,0,0,0,5.92,7.77,29.99,99,0,0,30.07
2020-11-22T03:25:00-08:00,36.9,36.9,36.6,0,0,1.1,196,0,0,0,0,5.92,7.77,29.99,99,0,0,30.06
2020-11-22T03:20:00-08:00,36.9,36.9,36.6,0,0,1.1,196,0,0,0,0,5.92,7.77,30,99,0,0,30.07
2020-11-22T03:15:00-08:00,37,37,36.7,0,0,1.1,196,0,0,0,0,5.92,7.77,30,99,0,0,30.07
2020-11-22T03:10:00-08:00,37,37,36.7,0,0,1.1,196,0,0,0,0,5.92,7.77,30,99,0,0,30.07
2020-11-22T03:05:00-08:00,37,37,36.7,0,0,1.1,186,0,0,0,0,5.92,7.77,29.99,99,0,0,30.07
2020-11-22T03:00:00-08:00,37.2,37.2,36.9,0,0,1.1,186,0,0,0,0,5.92,7.77,29.99,99,0,0,30.07
2020-11-22T02:55:00-08:00,37.2,37.2,36.9,0,0,1.1,186,0,0,0,0,5.92,7.77,29.99,99,0,0,30.06
2020-11-22T02:50:00-08:00,37.2,37.2,36.9,0,0,1.1,186,0,0,0,0,5.92,7.77,30,99,0,0,30.07
2020-11-22T02:45:00-08:00,37.2,37.2,36.9,0,0,1.1,186,0,0,0,0,5.92,7.77,29.99,99,0,0,30.06
2020-11-22T02:40:00-08:00,37.2,37.2,36.9,0,0,1.1,186,0,0,0,0,5.92,7.77,29.98,99,0,0,30.05
2020-11-22T02:35:00-08:00,37.2,37.2,36.9,0,0,1.1,186,0,0,0,0,5.92,7.77,29.98,99,0,0,30.05
2020-11-22T02:30:00-08:00,37.2,37.2,36.9,0,0,1.1,186,0,0,0,0,5.92,7.77,29.98,99,0,0,30.05
2020-11-22T02:25:00-08:00,37.2,37.2,36.9,0,0,1.1,186,0,0,0,0,5.92,7.77,29.99,99,0,0,30.06
2020-11-22T02:20:00-08:00,37.2,37.2,36.9,0,0,1.1,186,0,0,0,0,5.92,7.77,30,99,0,0,30.07
2020-11-22T02:15:00-08:00,37.2,37.2,36.9,0,0,1.1,186,0,0,0,0,5.92,7.77,30,99,0,0,30.07
2020-11-22T02:10:00-08:00,37.2,37.2,36.9,0,0,1.1,186,0,0,0,0,5.92,7.77,30,99,0,0,30.07
2020-11-22T02:05:00-08:00,37,37,36.7,0,0,1.1,186,0,0,0,0,5.92,7.77,30,99,0,0,30.07
2020-11-22T02:00:00-08:00,36.9,36.9,36.6,0,0,1.1,186,0,0,0,0,5.92,7.77,30,99,0,0,30.07
2020-11-22T01:55:00-08:00,36.9,36.9,36.6,0,0,1.1,186,0,0,0,0,5.92,7.77,30.01,99,0,0,30.08
2020-11-22T01:50:00-08:00,36.9,36.9,36.6,0,0,1.1,186,0,0,0,0,5.92,7.77,29.99,99,0,0,30.07
2020-11-22T01:45:00-08:00,36.9,36.9,36.6,0,0,1.1,186,0,0,0,0,5.92,7.77,29.99,99,0,0,30.07
2020-11-22T01:40:00-08:00,36.9,36.9,36.6,0,0,1.1,186,0,0,0,0,5.92,7.77,30.01,99,0,0,30.08
2020-11-22T01:35:00-08:00,36.9,36.9,36.6,0,0,1.1,186,0,0,0,0,5.92,7.77,30,99,0,0,30.07
2020-11-22T01:30:00-08:00,36.9,36.9,36.6,0,0,1.1,186,0,0,0,0,5.92,7.77,30,99,0,0,30.07
2020-11-22T01:25:00-08:00,36.9,36.9,36.6,0,0,1.1,190,0,0,0,0,5.92,7.77,30,99,0,0,30.07
2020-11-22T01:20:00-08:00,36.9,36.9,36.6,0,0,1.1,190,0,0,0,0,5.92,7.77,30.01,99,0,0,30.08
2020-11-22T01:15:00-08:00,36.9,36.9,36.6,0,0,1.1,190,0,0,0,0,5.92,7.77,30,99,0,0,30.07
2020-11-22T01:10:00-08:00,36.7,36.7,36.4,0,0,1.1,177,0,0,0,0,5.92,7.77,30.02,99,0,0,30.09
2020-11-22T01:05:00-08:00,36.7,36.7,36.4,0,0,1.1,177,0,0,0,0,5.92,7.77,30,99,0,0,30.07
2020-11-22T01:00:00-08:00,36.5,36.5,36.2,0,0,1.1,177,0,0,0,0,5.92,7.77,30.01,99,0,0,30.08
2020-11-22T00:55:00-08:00,36.7,36.7,36.4,0,0,1.1,176,0,0,0,0,5.92,7.77,30,99,0,0,30.07
2020-11-22T00:50:00-08:00,36.5,36.5,36.2,0,0,1.1,176,0,0,0,0,5.92,7.77,30.01,99,0,0,30.08
2020-11-22T00:45:00-08:00,36.5,36.5,36.2,0,0,1.1,177,0,0,0,0,5.92,7.77,30.01,99,0,0,30.08
2020-11-22T00:40:00-08:00,36.5,36.5,36.2,0,0,1.1,175,0,0,0,0,5.92,7.77,30.02,99,0,0,30.09
2020-11-22T00:35:00-08:00,36.5,36.5,36.2,0,0,1.1,175,0,0,0,0,5.92,7.77,30.02,99,0,0,30.09
2020-11-22T00:30:00-08:00,36.7,36.7,36.4,0,0,1.1,175,0,0,0,0,5.92,7.77,30.02,99,0,0,30.09
2020-11-22T00:25:00-08:00,36.7,36.7,36.4,0,0,1.1,175,0,0,0,0,5.92,7.77,30.02,99,0,0,30.09
2020-11-22T00:20:00-08:00,36.7,36.7,36.4,0,0,1.1,175,0,0,0,0,5.92,7.77,30.02,99,0,0,30.09
2020-11-22T00:15:00-08:00,36.9,36.9,36.6,0,0,1.1,175,0,0,0,0,5.92,7.77,30.02,99,0,0,30.09
2020-11-22T00:10:00-08:00,36.9,36.9,36.6,0,0,1.1,175,0,0,0,0,5.92,7.77,30.02,99,0,0,30.09
2020-11-22T00:05:00-08:00,36.9,36.9,36.6,0,0,1.1,175,0,0,0,0,5.92,7.77,30.03,99,0,0,30.1
2020-11-22T00:00:00-08:00,36.9,36.9,36.6,0.2,1.1,1.1,175,0,0,0,0,5.92,7.77,30.03,99,0,0,30.1
2020-11-21T23:55:00-08:00,36.9,36.9,36.6,0,0,2.2,175,0,0,0,2.18,5.92,7.77,30.02,99,0,0,30.09
2020-11-21T23:50:00-08:00,37,37,36.7,0,0,2.2,175,0,0,0,2.18,5.92,7.77,30.04,99,0,0,30.11
2020-11-21T23:45:00-08:00,37,37,36.7,0,0,2.2,175,0,0,0,2.18,5.92,7.77,30.04,99,0,0,30.11
2020-11-21T23:40:00-08:00,37,37,36.7,0,0,2.2,175,0,0,0,2.18,5.92,7.77,30.04,99,0,0,30.11
2020-11-21T23:35:00-08:00,37,37,36.7,0,0,2.2,175,0,0,0,2.18,5.92,7.77,30.05,99,0,0,30.12
2020-11-21T23:30:00-08:00,37,37,36.7,0,0,2.2,175,0,0,0,2.18,5.92,7.77,30.05,99,0,0,30.12
2020-11-21T23:25:00-08:00,37,37,36.7,0,0,2.2,175,0,0,0,2.18,5.92,7.77,30.05,99,0,0,30.11
2020-11-21T23:20:00-08:00,37,37,36.7,0,0,2.2,175,0,0,0,2.18,5.92,7.77,30.04,99,0,0,30.11
2020-11-21T23:15:00-08:00,37,37,36.7,0,0,2.2,175,0,0,0,2.18,5.92,7.77,30.05,99,0,0,30.12
2020-11-21T23:10:00-08:00,36.9,36.9,36.6,0,0,2.2,175,0,0,0,2.18,5.92,7.77,30.05,99,0,0,30.12
2020-11-21T23:05:00-08:00,36.9,36.9,36.6,0,0,2.2,175,0,0,0,2.18,5.92,7.77,30.05,99,0,0,30.12
2020-11-21T23:00:00-08:00,36.7,36.7,36.4,0,0,2.2,175,0,0,0,2.18,5.92,7.77,30.06,99,0,0,30.13
2020-11-21T22:55:00-08:00,36.5,36.5,36.2,0,0,2.2,175,0,0,0,2.18,5.92,7.77,30.05,99,0,0,30.12
2020-11-21T22:50:00-08:00,36.3,36.3,36,0,0,2.2,175,0,0,0,2.18,5.92,7.77,30.05,99,0,0,30.12
2020-11-21T22:45:00-08:00,36.1,36.1,35.8,0,0,2.2,175,0,0,0,2.18,5.92,7.77,30.05,99,0,0,30.12
2020-11-21T22:40:00-08:00,36.1,36.1,35.8,0,0,2.2,175,0,0,0,2.18,5.92,7.77,30.06,99,0,0,30.13
2020-11-21T22:35:00-08:00,36.1,36.1,35.8,0,0,2.2,175,0,0,0,2.18,5.92,7.77,30.06,99,0,0,30.13
2020-11-21T22:30:00-08:00,36.1,36.1,35.8,0,0,2.2,175,0,0,0,2.18,5.92,7.77,30.05,99,0,0,30.12
2020-11-21T22:25:00-08:00,36.1,36.1,35.8,0,0,2.2,175,0,0,0,2.18,5.92,7.77,30.06,99,0,0,30.13
2020-11-21T22:20:00-08:00,36.3,36.3,36,0,0,2.2,175,0,0,0,2.18,5.92,7.77,30.07,99,0,0,30.14
2020-11-21T22:15:00-08:00,36.1,36.1,35.8,0,0,2.2,175,0,0,0,2.18,5.92,7.77,30.07,99,0,0,30.14
2020-11-21T22:10:00-08:00,36.1,36.1,35.8,0,0,2.2,175,0,0,0,2.18,5.92,7.77,30.07,99,0,0,30.14
2020-11-21T22:05:00-08:00,36.1,36.1,35.8,0,0,2.2,175,0,0,0,2.18,5.92,7.77,30.07,99,0,0,30.14
2020-11-21T22:00:00-08:00,36.1,36.1,35.8,0,0,2.2,175,0,0,0,2.18,5.92,7.77,30.07,99,0,0,30.14
2020-11-21T21:55:00-08:00,36,36,35.7,0,0,2.2,175,0,0,0,2.18,5.92,7.77,30.07,99,0,0,30.14
2020-11-21T21:50:00-08:00,36.1,36.1,35.8,0,0,2.2,175,0,0,0,2.18,5.92,7.77,30.07,99,0,0,30.14
2020-11-21T21:45:00-08:00,36.3,36.3,36,0,0,2.2,175,0,0,0,2.18,5.92,7.77,30.07,99,0,0,30.14
2020-11-21T21:40:00-08:00,36.3,36.3,36,0,0,2.2,175,0,0,0,2.18,5.92,7.77,30.07,99,0,0,30.14
2020-11-21T21:35:00-08:00,36.5,36.5,36.2,0,0,2.2,175,0,0,0,2.18,5.92,7.77,30.07,99,0,0,30.14
2020-11-21T21:30:00-08:00,36.5,36.5,36.2,0,0,2.2,175,0,0,0,2.18,5.92,7.77,30.07,99,0,0,30.14
2020-11-21T21:25:00-08:00,36.5,36.5,36.2,0,0,2.2,175,0,0,0,2.18,5.92,7.77,30.07,99,0,0,30.14
2020-11-21T21:20:00-08:00,36.3,36.3,36,0,0,2.2,175,0,0,0,2.18,5.92,7.77,30.07,99,0,0,30.14
2020-11-21T21:15:00-08:00,36.5,36.5,36.2,0,0,2.2,175,0,0,0,2.18,5.92,7.77,30.07,99,0,0,30.14
2020-11-21T21:10:00-08:00,36.5,36.5,36.2,0,0,2.2,175,0,0,0,2.18,5.92,7.77,30.07,99,0,0,30.14
2020-11-21T21:05:00-08:00,36.5,36.5,36.2,0,0,2.2,175,0,0,0,2.18,5.92,7.77,30.07,99,0,0,30.14
2020-11-21T21:00:00-08:00,36.7,36.7,36.4,0,0,2.2,175,0,0,0,2.18,5.92,7.77,30.07,99,0,0,30.14
2020-11-21T20:55:00-08:00,36.7,36.7,36.4,0,0,2.2,175,0,0,0,2.18,5.92,7.77,30.07,99,0,0,30.14
2020-11-21T20:50:00-08:00,36.9,36.9,36.6,0,0,2.2,175,0,0,0,2.18,5.92,7.77,30.08,99,0,0,30.15
2020-11-21T20:45:00-08:00,37,37,36.7,0,0,2.2,175,0,0,0,2.18,5.92,7.77,30.08,99,0,0,30.15
2020-11-21T20:40:00-08:00,37,37,36.7,0,0,2.2,175,0,0,0,2.18,5.92,7.77,30.08,99,0,0,30.15
2020-11-21T20:35:00-08:00,37.2,37.2,36.9,0,0,2.2,175,0,0,0,2.18,5.92,7.77,30.08,99,0,0,30.15
2020-11-21T20:30:00-08:00,37.2,37.2,36.9,0,0,2.2,175,0,0,0,2.18,5.92,7.77,30.08,99,0,0,30.15
2020-11-21T20:25:00-08:00,37.2,37.2,36.9,0,0,2.2,175,0,0,0,2.18,5.92,7.77,30.08,99,0,0,30.15
2020-11-21T20:20:00-08:00,37.2,37.2,36.9,0,0,2.2,175,0,0,0,2.18,5.92,7.77,30.08,99,0,0,30.15
2020-11-21T20:15:00-08:00,37.4,37.4,37.1,0,0,2.2,175,0,0,0,2.18,5.92,7.77,30.08,99,0,0,30.15
2020-11-21T20:10:00-08:00,37.2,37.2,36.9,0,0,2.2,175,0,0,0,2.18,5.92,7.77,30.08,99,0,0,30.15
2020-11-21T20:05:00-08:00,37.6,37.6,37.3,0,0,2.2,175,0,0,0,2.18,5.92,7.77,30.08,99,0,0,30.15
2020-11-21T20:00:00-08:00,37.6,37.6,37.3,0,0,2.2,175,0,0,0,2.18,5.92,7.77,30.08,99,0,0,30.15
2020-11-21T19:55:00-08:00,37.6,37.6,37.3,0,0,2.2,175,0,0,0,2.18,5.92,7.77,30.09,99,0,0,30.16
2020-11-21T19:50:00-08:00,37.8,37.8,37.5,0,0,2.2,175,0,0,0,2.18,5.92,7.77,30.08,99,0,0,30.15
2020-11-21T19:45:00-08:00,37.6,37.6,37.3,0,0,2.2,175,0,0,0,2.18,5.92,7.77,30.09,99,0,0,30.16
2020-11-21T19:40:00-08:00,37.8,37.8,37.5,0,0,2.2,175,0,0,0,2.18,5.92,7.77,30.08,99,0,0,30.15
2020-11-21T19:35:00-08:00,37.8,37.8,37.5,0,0,2.2,175,0,0,0,2.18,5.92,7.77,30.09,99,0,0,30.16
2020-11-21T19:30:00-08:00,37.8,37.8,37.5,0,0,2.2,175,0,0,0,2.18,5.92,7.77,30.09,99,0,0,30.16
2020-11-21T19:25:00-08:00,37.9,37.9,37.6,0,0,2.2,175,0,0,0,2.18,5.92,7.77,30.09,99,0,0,30.17
2020-11-21T19:20:00-08:00,37.9,37.9,37.6,0,0,2.2,175,0,0,0,2.18,5.92,7.77,30.09,99,0,0,30.17
2020-11-21T19:15:00-08:00,37.9,37.9,37.6,0,0,2.2,175,0,0,0,2.18,5.92,7.77,30.1,99,0,0,30.18
2020-11-21T19:10:00-08:00,37.9,37.9,37.6,0,0,2.2,175,0,0,0,2.18,5.92,7.77,30.1,99,0,0,30.17
2020-11-21T19:05:00-08:00,38.1,38.1,37.8,0,0,2.2,175,0,0,0,2.18,5.92,7.77,30.1,99,0,0,30.18
2020-11-21T19:00:00-08:00,38.1,38.1,37.8,0,0,2.2,175,0,0,0,2.18,5.92,7.77,30.1,99,0,0,30.18
2020-11-21T18:55:00-08:00,38.1,38.1,37.8,0,0,2.2,175,0,0,0,2.18,5.92,7.77,30.1,99,0,0,30.17
2020-11-21T18:50:00-08:00,38.3,38.3,38,0,0,2.2,175,0,0,0,2.18,5.92,7.77,30.11,99,0,0,30.18
2020-11-21T18:45:00-08:00,38.1,38.1,37.8,0,0,2.2,175,0,0,0,2.18,5.92,7.77,30.1,99,0,0,30.17
2020-11-21T18:40:00-08:00,38.1,38.1,37.8,0,0,2.2,175,0,0,0,2.18,5.92,7.77,30.11,99,0,0,30.18
2020-11-21T18:35:00-08:00,38.1,38.1,37.8,0,0,2.2,175,0,0,0,2.18,5.92,7.77,30.11,99,0,0,30.18
2020-11-21T18:30:00-08:00,37.9,37.9,37.6,0,0,2.2,175,0,0,0,2.18,5.92,7.77,30.11,99,0,0,30.18
2020-11-21T18:25:00-08:00,37.9,37.9,37.6,0,0,2.2,175,0,0,0,2.18,5.92,7.77,30.11,99,0,0,30.19
2020-11-21T18:20:00-08:00,37.9,37.9,37.6,0,0,2.2,175,0,0,0,2.18,5.92,7.77,30.11,99,0,0,30.19
2020-11-21T18:15:00-08:00,37.9,37.9,37.6,0,0,2.2,175,0,0,0,2.18,5.92,7.77,30.12,99,0,0,30.19
2020-11-21T18:10:00-08:00,37.9,37.9,37.6,0,0,2.2,175,0,0,0,2.18,5.92,7.77,30.13,99,0,0,30.2
2020-11-21T18:05:00-08:00,38.1,38.1,37.8,0,0,2.2,175,0,0,0,2.18,5.92,7.77,30.12,99,0,0,30.2
2020-11-21T18:00:00-08:00,38.1,38.1,37.8,0,0,2.2,175,0,0,0,2.18,5.92,7.77,30.13,99,0,0,30.2
2020-11-21T17:55:00-08:00,38.1,38.1,37.8,0,0,2.2,175,0,0,0,2.18,5.92,7.77,30.13,99,0,0,30.2
2020-11-21T17:50:00-08:00,38.5,38.5,38.2,0,0,2.2,175,0,0,0,2.18,5.92,7.77,30.13,99,0,0,30.2
2020-11-21T17:45:00-08:00,38.5,38.5,38.2,0,0,2.2,175,0,0,0,2.18,5.92,7.77,30.13,99,0,0,30.2
2020-11-21T17:40:00-08:00,38.5,38.5,38.2,0,0,2.2,175,0,0,0,2.18,5.92,7.77,30.14,99,0,0,30.21
2020-11-21T17:35:00-08:00,38.5,38.5,38.2,0,0,2.2,175,0,0,0,2.18,5.92,7.77,30.14,99,0,0,30.21
2020-11-21T17:30:00-08:00,38.5,38.5,38.2,0,0,2.2,175,0,0,0,2.18,5.92,7.77,30.14,99,0,0,30.21
2020-11-21T17:25:00-08:00,38.7,38.7,38.4,0,0,2.2,175,0,0,0,2.18,5.92,7.77,30.14,99,0,0,30.21
2020-11-21T17:20:00-08:00,38.7,38.7,38.4,0,0,2.2,175,0,0,0,2.18,5.92,7.77,30.14,99,0,0,30.21
2020-11-21T17:15:00-08:00,38.8,38.8,38.5,0,0,2.2,175,0,0,0,2.18,5.92,7.77,30.14,99,0,0,30.21
2020-11-21T17:10:00-08:00,38.8,38.8,38.5,0,0,2.2,175,0,0,0,2.18,5.92,7.77,30.14,99,0,0,30.22
2020-11-21T17:05:00-08:00,38.8,38.8,38.5,0,0,2.2,175,0,0,0,2.18,5.92,7.77,30.14,99,0,0,30.21
2020-11-21T17:00:00-08:00,38.8,38.8,38.5,0,0,2.2,175,0,0,0,2.18,5.92,7.77,30.14,99,0,0,30.22
2020-11-21T16:55:00-08:00,38.8,38.8,38.5,0,0,2.2,175,0,0,0,2.18,5.92,7.77,30.14,99,0,0,30.21
2020-11-21T16:50:00-08:00,39,39,38.7,0,0,2.2,175,0,0,0,2.18,5.92,7.77,30.15,99,0,0,30.22
2020-11-21T16:45:00-08:00,39.2,39.2,38.9,0,0,2.2,175,0,0,0,2.18,5.92,7.77,30.15,99,0,0,30.22
2020-11-21T16:40:00-08:00,39.4,39.4,39.1,0,0,2.2,175,0,0,0,2.18,5.92,7.77,30.15,99,0,0,30.22
2020-11-21T16:35:00-08:00,39.4,39.4,39.1,0,0,2.2,175,0,0,0,2.18,5.92,7.77,30.15,99,0,0,30.22
2020-11-21T16:30:00-08:00,39.6,39.6,39.1,0,0,2.2,175,0,0,0,2.18,5.92,7.77,30.15,98,0,0,30.23
2020-11-21T16:25:00-08:00,39.7,39.7,39.2,0,0,2.2,175,0,0,0,2.18,5.92,7.77,30.15,98,0,0,30.22
2020-11-21T16:20:00-08:00,39.9,39.9,39.1,0,0,2.2,175,0,0,0,2.18,5.92,7.77,30.16,97,0,0.8,30.23
2020-11-21T16:15:00-08:00,40.1,40.1,39.3,0,0,2.2,175,0,0,0,2.18,5.92,7.77,30.16,97,0,2.6,30.23
2020-11-21T16:10:00-08:00,40.3,40.3,39.5,0,0,2.2,175,0,0,0,2.18,5.92,7.77,30.16,97,0,3.4,30.23
2020-11-21T16:05:00-08:00,40.3,40.3,39.5,0,0,2.2,175,0,0,0,2.18,5.92,7.77,30.16,97,0,5.1,30.23
2020-11-21T16:00:00-08:00,40.5,40.5,39.7,0,0,2.2,175,0,0,0,2.18,5.92,7.77,30.16,97,0,6.8,30.23
2020-11-21T15:55:00-08:00,40.5,40.5,39.5,0,0,2.2,175,0,0,0,2.18,5.92,7.77,30.16,96,0,9.9,30.23
2020-11-21T15:50:00-08:00,40.6,40.6,39.6,0,0,2.2,175,0,0,0,2.18,5.92,7.77,30.16,96,0,10.4,30.23
2020-11-21T15:45:00-08:00,40.6,40.6,39.6,0,0,2.2,175,0,0,0,2.18,5.92,7.77,30.16,96,0,12.5,30.23
2020-11-21T15:40:00-08:00,40.6,40.6,39.6,0,0,2.2,175,0,0,0,2.18,5.92,7.77,30.16,96,0,15.2,30.23
2020-11-21T15:35:00-08:00,40.8,40.8,39.7,0,0,2.2,175,0,0,0,2.18,5.92,7.77,30.17,96,0,15.5,30.24
2020-11-21T15:30:00-08:00,41,41,39.7,0,0,2.2,175,0,0,0,2.18,5.92,7.77,30.17,95,0,15.5,30.24
2020-11-21T15:25:00-08:00,41.2,41.2,39.9,0,0,2.2,175,0,0,0,2.18,5.92,7.77,30.16,95,0,19.4,30.23
2020-11-21T15:20:00-08:00,41.2,41.2,39.9,0,0,2.2,175,0,0,0,2.18,5.92,7.77,30.17,95,0,21.2,30.24
2020-11-21T15:15:00-08:00,41.4,41.4,39.8,0,0,2.2,175,0,0,0,2.18,5.92,7.77,30.17,94,0,22,30.24
2020-11-21T15:10:00-08:00,41.4,41.4,39.8,0,0,2.2,175,0,0,0,2.18,5.92,7.77,30.18,94,0,24.2,30.25
2020-11-21T15:05:00-08:00,41.7,41.7,40.1,0.2,1.1,2.2,175,0,0,0,2.18,5.92,7.77,30.18,94,0,25.1,30.25
2020-11-21T15:00:00-08:00,41.7,41.7,39.8,0,0,2.2,175,0,0,0,2.18,5.92,7.77,30.18,93,0,24.7,30.25
2020-11-21T14:55:00-08:00,41.9,41.9,40.3,0,0,2.2,175,0,0,0,2.18,5.92,7.77,30.18,94,0,31.6,30.25
2020-11-21T14:50:00-08:00,41.7,41.7,40.1,0,0,2.2,175,0,0,0,2.18,5.92,7.77,30.18,94,0,37.7,30.25
2020-11-21T14:45:00-08:00,41.9,41.9,40.3,0,0,2.2,176,0,0,0,2.18,5.92,7.77,30.18,94,0,37.2,30.25
2020-11-21T14:40:00-08:00,42.4,42.4,40.2,0,0,2.2,176,0,0,0,2.18,5.92,7.77,30.18,92,0,57.3,30.25
2020-11-21T14:35:00-08:00,42.6,42.6,40.7,0,0,2.2,176,0,0,0,2.18,5.92,7.77,30.18,93,0,50.6,30.25
2020-11-21T14:30:00-08:00,42.1,42.1,40.8,0,0,2.2,176,0,0,0,2.18,5.92,7.77,30.19,95,0,72.4,30.26
2020-11-21T14:25:00-08:00,41.5,41.5,39.9,0,0,2.2,175,0,0,0,2.18,5.92,7.77,30.19,94,0,61.2,30.26
2020-11-21T14:20:00-08:00,41.4,41.4,39.8,0,0,2.2,175,0,0,0,2.18,5.92,7.77,30.2,94,0,67.7,30.27
2020-11-21T14:15:00-08:00,41.2,41.2,39.6,0,0,2.2,175,0,0,0,2.18,5.92,7.77,30.21,94,0,55,30.28
2020-11-21T14:10:00-08:00,41.2,41.2,39.9,0,0,2.2,175,0,0,0,2.18,5.92,7.77,30.21,95,0,54.6,30.28
2020-11-21T14:05:00-08:00,41.2,41.2,39.6,0,0,2.2,175,0,0,0,2.18,5.92,7.77,30.21,94,0,43.3,30.28
2020-11-21T14:00:00-08:00,41,41,39.7,0,0,2.2,175,0,0,0,2.18,5.92,7.77,30.21,95,0,52,30.28
2020-11-21T13:55:00-08:00,40.8,40.8,39.5,0,0,2.2,175,0,0,0,2.18,5.92,7.77,30.21,95,0,56.3,30.28
2020-11-21T13:50:00-08:00,40.6,40.6,39.3,0,0,2.2,175,0,0,0,2.18,5.92,7.77,30.21,95,0,42.5,30.28
2020-11-21T13:45:00-08:00,40.8,40.8,39.5,0,0,2.2,175,0,0,0,2.18,5.92,7.77,30.22,95,0,26.4,30.29
2020-11-21T13:40:00-08:00,41,41,39.9,0,0,2.2,175,0,0,0,2.18,5.92,7.77,30.21,96,0,37.7,30.28
2020-11-21T13:35:00-08:00,40.8,40.8,39.5,0,0,2.2,175,0,0,0,2.18,5.92,7.77,30.22,95,0,40.7,30.29
2020-11-21T13:30:00-08:00,41,41,39.9,0,0,2.2,175,0,0,0,2.18,5.92,7.77,30.22,96,0,52.5,30.29
2020-11-21T13:25:00-08:00,41,41,39.9,0,0,2.2,175,0,0,0,2.18,5.92,7.77,30.23,96,0,39,30.3
2020-11-21T13:20:00-08:00,40.8,40.8,39.5,0,0,2.2,175,0,0,0,2.18,5.92,7.77,30.22,95,0,41.6,30.29
2020-11-21T13:15:00-08:00,41,41,39.7,0,0,2.2,175,0,0,0,2.18,5.92,7.77,30.23,95,0,60.7,30.3
2020-11-21T13:10:00-08:00,41,41,39.9,0,0,2.2,174,0,0,0,2.18,5.92,7.77,30.23,96,0,37.7,30.3
2020-11-21T13:05:00-08:00,41,41,39.4,0,0,2.2,174,0,0,0,2.18,5.92,7.77,30.23,94,0,56.3,30.3
2020-11-21T13:00:00-08:00,40.8,40.8,39.7,0,0,2.2,174,0,0,0,2.18,5.92,7.77,30.23,96,0,68.9,30.3
2020-11-21T12:55:00-08:00,40.6,40.6,39.6,0,0,2.2,174,0,0,0,2.18,5.92,7.77,30.23,96,0,36,30.3
2020-11-21T12:50:00-08:00,40.8,40.8,39.7,0,0,2.2,175,0,0,0,2.18,5.92,7.77,30.22,96,0,67.2,30.29
2020-11-21T12:45:00-08:00,40.6,40.6,39.8,0,0,2.2,175,0,0,0,2.18,5.92,7.77,30.24,97,0,46.4,30.31
2020-11-21T12:40:00-08:00,40.5,40.5,39.7,0,0,2.2,175,0,0,0,2.18,5.92,7.77,30.23,97,0,25.1,30.3
2020-11-21T12:35:00-08:00,40.1,40.1,39.1,0,0,2.2,175,0,0,0,2.18,5.92,7.77,30.24,96,0,34.6,30.31
2020-11-21T12:30:00-08:00,40.1,40.1,39.1,0,0,2.2,175,0,0,0,2.18,5.92,7.77,30.24,96,0,49.4,30.31
2020-11-21T12:25:00-08:00,40.3,40.3,39,0.7,2.2,2.2,176,0,0,0,2.18,5.92,7.77,30.24,95,0,44.2,30.31
2020-11-21T12:20:00-08:00,40.3,40.3,39,0,0,1.1,180,0,0,0,2.18,5.92,7.77,30.25,95,0,41.1,30.32
2020-11-21T12:15:00-08:00,40.5,40.5,39.5,0,0,1.1,198,0,0,0,2.18,5.92,7.77,30.24,96,0,47.2,30.31
2020-11-21T12:10:00-08:00,40.3,40.3,39.3,0,0,1.1,198,0,0,0,2.18,5.92,7.77,30.25,96,0,48.9,30.32
2020-11-21T12:05:00-08:00,40.5,40.5,39.5,0,0,1.1,198,0,0,0,2.18,5.92,7.77,30.25,96,0,44.2,30.32
2020-11-21T12:00:00-08:00,40.6,40.6,39.8,0,0,1.1,199,0,0,0,2.18,5.92,7.77,30.24,97,0,34.3,30.31
2020-11-21T11:55:00-08:00,40.6,40.6,39.6,0,0,1.1,199,0,0,0,2.18,5.92,7.77,30.25,96,0,34.3,30.32
2020-11-21T11:50:00-08:00,40.8,40.8,40,0,0,1.1,206,0,0,0,2.18,5.92,7.77,30.26,97,0,30.7,30.33
2020-11-21T11:45:00-08:00,40.8,40.8,40,0,0,1.1,211,0,0,0,2.18,5.92,7.77,30.25,97,0,29.9,30.32
2020-11-21T11:40:00-08:00,40.6,40.6,39.8,0,0,1.1,211,0,0,0,2.18,5.92,7.77,30.25,97,0,38.5,30.32
2020-11-21T11:35:00-08:00,40.5,40.5,40,0,0,1.1,211,0,0,0,2.18,5.92,7.77,30.26,98,0,28.6,30.33
2020-11-21T11:30:00-08:00,40.5,40.5,39.7,0,0,1.1,211,0,0,0,2.18,5.92,7.77,30.26,97,0,32,30.33
2020-11-21T11:25:00-08:00,40.3,40.3,39.5,0,0,1.1,211,0,0,0,2.18,5.92,7.77,30.27,97,0,32.9,30.34
2020-11-21T11:20:00-08:00,40.5,40.5,39.7,0,0,1.1,212,0,0,0,2.18,5.92,7.77,30.27,97,0,39.9,30.34
2020-11-21T11:15:00-08:00,40.5,40.5,39.7,0,0,1.1,212,0,0,0,2.18,5.92,7.77,30.27,97,0,31.2,30.34
2020-11-21T11:10:00-08:00,40.6,40.6,39.8,0,0,1.1,212,0,0,0,2.18,5.92,7.77,30.27,97,0,44.2,30.34
2020-11-21T11:05:00-08:00,40.5,40.5,39.7,0,0,1.1,212,0,0,0,2.18,5.92,7.77,30.27,97,0,22.9,30.35
2020-11-21T11:00:00-08:00,40.8,40.8,40,0,0,1.1,212,0,0,0,2.18,5.92,7.77,30.27,97,0,26.8,30.35
2020-11-21T10:55:00-08:00,40.8,40.8,40,0,0,1.1,212,0,0,0,2.18,5.92,7.77,30.28,97,0,30.3,30.35
2020-11-21T10:50:00-08:00,41,41,40.2,0,0,1.1,212,0,0,0,2.18,5.92,7.77,30.29,97,0,36,30.36
2020-11-21T10:45:00-08:00,41,41,40.2,0,0,1.1,212,0,0,0,2.18,5.92,7.77,30.29,97,0,29.9,30.36
2020-11-21T10:40:00-08:00,41,41,40.2,0,0,1.1,211,0,0,0,2.18,5.92,7.77,30.29,97,0,32.9,30.36
2020-11-21T10:35:00-08:00,41,41,40.2,0,0,1.1,211,0,0,0,2.18,5.92,7.77,30.29,97,0,28.1,30.36
2020-11-21T10:30:00-08:00,41,41,40.5,0,0,1.1,211,0,0,0,2.18,5.92,7.77,30.29,98,0,30.7,30.36
2020-11-21T10:25:00-08:00,40.8,40.8,40.5,0,0,1.1,211,0,0,0,2.18,5.92,7.77,30.29,99,0,35.1,30.36
2020-11-21T10:20:00-08:00,40.6,40.6,40.1,0,0,1.1,211,0,0,0,2.18,5.92,7.77,30.29,98,0,31.6,30.36
2020-11-21T10:15:00-08:00,40.8,40.8,40.5,0,0,1.1,211,0,0,0,2.18,5.92,7.77,30.3,99,0,27.3,30.37
2020-11-21T10:10:00-08:00,40.6,40.6,40.3,0,0,1.1,211,0,0,0,2.18,5.92,7.77,30.29,99,0,29.5,30.36
2020-11-21T10:05:00-08:00,40.5,40.5,40.2,0,0,1.1,211,0,0,0,2.18,5.92,7.77,30.3,99,0,30.3,30.37
2020-11-21T10:00:00-08:00,40.5,40.5,40,0,0,1.1,211,0,0,0,2.18,5.92,7.77,30.3,98,0,32.9,30.37
2020-11-21T09:55:00-08:00,40.5,40.5,40.2,0,0,1.1,211,0,0,0,2.18,5.92,7.77,30.3,99,0,38.2,30.37
2020-11-21T09:50:00-08:00,40.6,40.6,40.3,0,0,1.1,220,0,0,0,2.18,5.92,7.77,30.31,99,0,35.5,30.38
2020-11-21T09:45:00-08:00,40.3,40.3,40,0,0,1.1,220,0,0,0,2.18,5.92,7.77,30.3,99,0,40.2,30.37
2020-11-21T09:40:00-08:00,40.1,40.1,39.8,0,0,1.1,220,0,0,0,2.18,5.92,7.77,30.3,99,0,32,30.37
2020-11-21T09:35:00-08:00,39.9,39.9,39.6,0,0,1.1,220,0,0,0,2.18,5.92,7.77,30.3,99,0,34.6,30.37
2020-11-21T09:30:00-08:00,39.9,39.9,39.6,0,0,0,220,0,0,0,2.18,5.92,7.77,30.3,99,0,30.3,30.37
2020-11-21T09:25:00-08:00,39.6,39.6,39.3,0,0,0,220,0,0,0,2.18,5.92,7.77,30.29,99,0,25.1,30.36
2020-11-21T09:20:00-08:00,39.6,39.6,39.3,0,0,0,220,0,0,0,2.18,5.92,7.77,30.3,99,0,33.4,30.37
2020-11-21T09:15:00-08:00,39.2,39.2,38.9,0,0,0,220,0,0,0,2.18,5.92,7.77,30.3,99,0,25.6,30.37
2020-11-21T09:10:00-08:00,39.2,39.2,38.9,0,0,0,220,0,0,0,2.18,5.92,7.77,30.29,99,0,24.2,30.36
2020-11-21T09:05:00-08:00,39,39,38.7,0,0,0,220,0,0,0,2.18,5.92,7.77,30.3,99,0,21.2,30.37
2020-11-21T09:00:00-08:00,39,39,38.7,0,0,0,220,0,0,0,2.18,5.92,7.77,30.3,99,0,17.7,30.38
2020-11-21T08:55:00-08:00,38.8,38.8,38.5,0,0,0,220,0,0,0,2.18,5.92,7.77,30.31,99,0,18.1,30.38
2020-11-21T08:50:00-08:00,38.7,38.7,38.4,0,0,0,219,0,0,0,2.18,5.92,7.77,30.31,99,0,12.1,30.38
2020-11-21T08:45:00-08:00,38.7,38.7,38.4,0,0,0,219,0,0,0,2.18,5.92,7.77,30.31,99,0,10.4,30.38
2020-11-21T08:40:00-08:00,38.7,38.7,38.4,0,0,0,219,0,0,0,2.18,5.92,7.77,30.31,99,0,8.2,30.38
2020-11-21T08:35:00-08:00,38.8,38.8,38.5,0,0,0,220,0,0,0,2.18,5.92,7.77,30.31,99,0,7.7,30.38
2020-11-21T08:30:00-08:00,38.8,38.8,38.5,0,0,0,220,0,0,0,2.18,5.92,7.77,30.31,99,0,7.7,30.38
2020-11-21T08:25:00-08:00,38.8,38.8,38.5,0,0,0,220,0,0,0,2.18,5.92,7.77,30.31,99,0,5.6,30.38
2020-11-21T08:20:00-08:00,38.8,38.8,38.5,0,0,0,220,0,0,0,2.18,5.92,7.77,30.31,99,0,5.1,30.38
2020-11-21T08:15:00-08:00,38.7,38.7,38.4,0,0,0,220,0,0,0,2.18,5.92,7.77,30.32,99,0,4.3,30.39
2020-11-21T08:10:00-08:00,38.7,38.7,38.4,0,0,0,220,0,0,0,2.18,5.92,7.77,30.32,99,0,3.4,30.39
2020-11-21T08:05:00-08:00,38.8,38.8,38.5,0,0,0,220,0,0,0,2.18,5.92,7.77,30.31,99,0,2.1,30.38
2020-11-21T08:00:00-08:00,39.2,39.2,38.9,0,0,0,220,0,0,0,2.18,5.92,7.77,30.32,99,0,1.7,30.39
2020-11-21T07:55:00-08:00,39.4,39.4,39.1,0,0,0,220,0,0,0,2.18,5.92,7.77,30.31,99,0,1.2,30.38
2020-11-21T07:50:00-08:00,39.2,39.2,38.9,0,0,0,220,0,0,0,2.18,5.92,7.77,30.32,99,0,0.8,30.39
2020-11-21T07:45:00-08:00,39,39,38.7,0,0,0,220,0,0,0,2.18,5.92,7.77,30.31,99,0,0.4,30.38
2020-11-21T07:40:00-08:00,39,39,38.7,0,0,0,220,0,0,0,2.18,5.92,7.77,30.31,99,0,0,30.38
2020-11-21T07:35:00-08:00,38.8,38.8,38.5,0,0,0,220,0,0,0,2.18,5.92,7.77,30.31,99,0,0,30.38
2020-11-21T07:30:00-08:00,38.8,38.8,38.5,0,0,0,220,0,0,0,2.18,5.92,7.77,30.31,99,0,0,30.38
2020-11-21T07:25:00-08:00,39,39,38.7,0,0,0,220,0,0,0,2.18,5.92,7.77,30.31,99,0,0,30.38
2020-11-21T07:20:00-08:00,39,39,38.7,0,0,0,220,0,0,0,2.18,5.92,7.77,30.31,99,0,0,30.38
2020-11-21T07:15:00-08:00,39,39,38.7,0,0,0,220,0,0,0,2.18,5.92,7.77,30.31,99,0,0,30.38
2020-11-21T07:10:00-08:00,39,39,38.7,0,0,0,220,0,0,0,2.18,5.92,7.77,30.32,99,0,0,30.39
2020-11-21T07:05:00-08:00,39,39,38.7,0,0,0,220,0,0,0,2.18,5.92,7.77,30.31,99,0,0,30.38
2020-11-21T07:00:00-08:00,39.2,39.2,38.9,0,0,0,221,0,0,0,2.18,5.92,7.77,30.31,99,0,0,30.38
2020-11-21T06:55:00-08:00,39.2,39.2,38.9,0,0,0,221,0,0,0,2.18,5.92,7.77,30.32,99,0,0,30.39
2020-11-21T06:50:00-08:00,39.4,39.4,39.1,0,0,0,221,0,0,0,2.18,5.92,7.77,30.31,99,0,0,30.38
2020-11-21T06:45:00-08:00,39.4,39.4,39.1,0,0,0,221,0,0,0,2.18,5.92,7.77,30.31,99,0,0,30.38
2020-11-21T06:40:00-08:00,39.6,39.6,39.3,0,0,0,221,0,0,0,2.18,5.92,7.77,30.32,99,0,0,30.39
2020-11-21T06:35:00-08:00,39.6,39.6,39.3,0,0,0,221,0,0,0,2.18,5.92,7.77,30.32,99,0,0,30.39
2020-11-21T06:30:00-08:00,39.7,39.7,39.4,0,0,0,221,0,0,0,2.18,5.92,7.77,30.32,99,0,0,30.39
2020-11-21T06:25:00-08:00,39.7,39.7,39.4,0,0,0,221,0,0,0,2.18,5.92,7.77,30.32,99,0,0,30.39
2020-11-21T06:20:00-08:00,39.7,39.7,39.4,0,0,0,221,0,0,0,2.18,5.92,7.77,30.32,99,0,0,30.39
2020-11-21T06:15:00-08:00,39.7,39.7,39.4,0,0,0,221,0,0,0,2.18,5.92,7.77,30.3,99,0,0,30.38
2020-11-21T06:10:00-08:00,39.7,39.7,39.4,0,0,0,221,0,0,0,2.18,5.92,7.77,30.32,99,0,0,30.39
2020-11-21T06:05:00-08:00,39.7,39.7,39.4,0,0,0,221,0,0,0,2.18,5.92,7.77,30.32,99,0,0,30.39
2020-11-21T06:00:00-08:00,39.7,39.7,39.4,0,0,0,221,0,0,0,2.18,5.92,7.77,30.31,99,0,0,30.38
2020-11-21T05:55:00-08:00,39.7,39.7,39.4,0,0,0,221,0,0,0,2.18,5.92,7.77,30.31,99,0,0,30.38
2020-11-21T05:50:00-08:00,39.6,39.6,39.3,0,0,0,221,0,0,0,2.18,5.92,7.77,30.31,99,0,0,30.38
2020-11-21T05:45:00-08:00,39.7,39.7,39.4,0,0,0,220,0,0,0,2.18,5.92,7.77,30.31,99,0,0,30.38
2020-11-21T05:40:00-08:00,39.7,39.7,39.4,0,0,0,220,0,0,0,2.18,5.92,7.77,30.32,99,0,0,30.39
2020-11-21T05:35:00-08:00,39.7,39.7,39.4,0,0,0,220,0,0,0,2.18,5.92,7.77,30.31,99,0,0,30.38
2020-11-21T05:30:00-08:00,39.7,39.7,39.4,0,0,0,220,0,0,0,2.18,5.92,7.77,30.32,99,0,0,30.39
2020-11-21T05:25:00-08:00,39.7,39.7,39.4,0,0,0,220,0,0,0,2.18,5.92,7.77,30.32,99,0,0,30.39
2020-11-21T05:20:00-08:00,39.7,39.7,39.4,0,0,0,220,0,0,0,2.18,5.92,7.77,30.32,99,0,0,30.39
2020-11-21T05:15:00-08:00,39.7,39.7,39.4,0,0,0,219,0,0,0,2.18,5.92,7.77,30.32,99,0,0,30.39
2020-11-21T05:10:00-08:00,39.7,39.7,39.4,0,0,0,220,0,0,0,2.18,5.92,7.77,30.31,99,0,0,30.38
2020-11-21T05:05:00-08:00,39.6,39.6,39.3,0,0,0,219,0,0,0,2.18,5.92,7.77,30.31,99,0,0,30.38
2020-11-21T05:00:00-08:00,39.7,39.7,39.4,0,0,0,219,0,0,0,2.18,5.92,7.77,30.31,99,0,0,30.38
2020-11-21T04:55:00-08:00,39.7,39.7,39.4,0,0,0,220,0,0,0,2.18,5.92,7.77,30.31,99,0,0,30.38
2020-11-21T04:50:00-08:00,39.7,39.7,39.4,0,0,0,219,0,0,0,2.18,5.92,7.77,30.31,99,0,0,30.38
2020-11-21T04:45:00-08:00,39.9,39.9,39.6,0,0,0,219,0,0,0,2.18,5.92,7.77,30.31,99,0,0,30.38
2020-11-21T04:40:00-08:00,39.9,39.9,39.6,0,0,0,219,0,0,0,2.18,5.92,7.77,30.31,99,0,0,30.38
2020-11-21T04:35:00-08:00,39.7,39.7,39.4,0,0,0,219,0,0,0,2.18,5.92,7.77,30.32,99,0,0,30.39
2020-11-21T04:30:00-08:00,39.7,39.7,39.4,0,0,0,219,0,0,0,2.18,5.92,7.77,30.32,99,0,0,30.39
2020-11-21T04:25:00-08:00,39.7,39.7,39.4,0,0,0,219,0,0,0,2.18,5.92,7.77,30.31,99,0,0,30.38
2020-11-21T04:20:00-08:00,39.7,39.7,39.4,0,0,0,219,0,0,0,2.18,5.92,7.77,30.3,99,0,0,30.38
2020-11-21T04:15:00-08:00,39.6,39.6,39.3,0,0,0,219,0,0,0,2.18,5.92,7.77,30.31,99,0,0,30.38
2020-11-21T04:10:00-08:00,39.7,39.7,39.4,0,0,0,219,0,0,0,2.18,5.92,7.77,30.31,99,0,0,30.38
2020-11-21T04:05:00-08:00,39.7,39.7,39.4,0,0,0,219,0,0,0,2.18,5.92,7.77,30.32,99,0,0,30.39
2020-11-21T04:00:00-08:00,39.7,39.7,39.4,0,0,0,219,0,0,0,2.18,5.92,7.77,30.32,99,0,0,30.39
2020-11-21T03:55:00-08:00,39.9,39.9,39.6,0,0,0,219,0,0,0,2.18,5.92,7.77,30.32,99,0,0,30.4
2020-11-21T03:50:00-08:00,39.9,39.9,39.6,0,0,0,219,0,0,0,2.18,5.92,7.77,30.32,99,0,0,30.4
2020-11-21T03:45:00-08:00,39.9,39.9,39.6,0,0,0,219,0,0,0,2.18,5.92,7.77,30.33,99,0,0,30.4
2020-11-21T03:40:00-08:00,39.9,39.9,39.6,0,0,0,219,0,0,0,2.18,5.92,7.77,30.32,99,0,0,30.39
2020-11-21T03:35:00-08:00,39.9,39.9,39.6,0,0,0,219,0,0,0,2.18,5.92,7.77,30.32,99,0,0,30.39
2020-11-21T03:30:00-08:00,39.9,39.9,39.6,0,0,0,219,0,0,0,2.18,5.92,7.77,30.32,99,0,0,30.39
2020-11-21T03:25:00-08:00,39.9,39.9,39.6,0,0,0,219,0,0,0,2.18,5.92,7.77,30.32,99,0,0,30.39
2020-11-21T03:20:00-08:00,39.9,39.9,39.6,0,0,0,219,0,0,0,2.18,5.92,7.77,30.32,99,0,0,30.39
2020-11-21T03:15:00-08:00,39.9,39.9,39.6,0,0,0,219,0,0,0,2.18,5.92,7.77,30.32,99,0,0,30.39
2020-11-21T03:10:00-08:00,40.1,40.1,39.8,0,0,0,219,0,0,0,2.18,5.92,7.77,30.32,99,0,0,30.39
2020-11-21T03:05:00-08:00,40.1,40.1,39.8,0,0,0,219,0,0,0,2.18,5.92,7.77,30.32,99,0,0,30.39
2020-11-21T03:01:00-08:00,40.1,40.1,39.8,0,0,0,219,0,0,0,2.18,5.92,7.77,30.32,99,0,0,30.39
2020-11-21T02:55:00-08:00,40.3,40.3,40,0,0,0,219,0,0,0,2.18,5.92,7.77,30.32,99,0,0,30.4
2020-11-21T02:50:00-08:00,40.3,40.3,40,0,0,0,219,0,0,0,2.18,5.92,7.77,30.32,99,0,0,30.4
2020-11-21T02:45:00-08:00,40.5,40.5,40.2,0,0,0,219,0,0,0,2.18,5.92,7.77,30.32,99,0,0,30.39
2020-11-21T02:41:00-08:00,40.5,40.5,40.2,0,0,0,219,0,0,0,2.18,5.92,7.77,30.32,99,0,0,30.39
2020-11-21T02:35:00-08:00,40.5,40.5,40.2,0,0,0,219,0,0,0,2.18,5.92,7.77,30.32,99,0,0,30.39
2020-11-21T02:30:00-08:00,40.5,40.5,40.2,0,0,0,219,0,0,0,2.18,5.92,7.77,30.32,99,0,0,30.4
2020-11-21T02:25:00-08:00,40.5,40.5,40.2,0,0,0,219,0,0,0,2.18,5.92,7.77,30.32,99,0,0,30.4
2020-11-21T02:21:00-08:00,40.5,40.5,40.2,0,0,0,219,0,0,0,2.18,5.92,7.77,30.33,99,0,0,30.4
2020-11-21T02:15:00-08:00,40.5,40.5,40.2,0,0,0,219,0,0,0,2.18,5.92,7.77,30.32,99,0,0,30.39
2020-11-21T02:10:00-08:00,40.6,40.6,40.3,0,0,0,219,0,0,0,2.18,5.92,7.77,30.32,99,0,0,30.4
2020-11-21T02:05:00-08:00,40.6,40.6,40.3,0,0,0,219,0,0,0,2.18,5.92,7.77,30.32,99,0,0,30.39
2020-11-21T02:01:00-08:00,40.6,40.6,40.3,0,0,0,219,0,0,0,2.18,5.92,7.77,30.32,99,0,0,30.39
2020-11-21T01:55:00-08:00,40.6,40.6,40.3,0,0,0,219,0,0,0,2.18,5.92,7.77,30.33,99,0,0,30.4
2020-11-21T01:50:00-08:00,40.6,40.6,40.3,0,0,0,219,0,0,0,2.18,5.92,7.77,30.32,99,0,0,30.39
2020-11-21T01:45:00-08:00,40.6,40.6,40.3,0,0,0,219,0,0,0,2.18,5.92,7.77,30.32,99,0,0,30.4
2020-11-21T01:41:00-08:00,40.6,40.6,40.3,0,0,0,219,0,0,0,2.18,5.92,7.77,30.32,99,0,0,30.39
2020-11-21T01:35:00-08:00,40.6,40.6,40.3,0,0,0,219,0,0,0,2.18,5.92,7.77,30.33,99,0,0,30.4
2020-11-21T01:30:00-08:00,40.6,40.6,40.3,0,0,0,219,0,0,0,2.18,5.92,7.77,30.33,99,0,0,30.4
2020-11-21T01:25:00-08:00,40.6,40.6,40.3,0,0,0,219,0,0,0,2.18,5.92,7.77,30.32,99,0,0,30.4
2020-11-21T01:20:00-08:00,40.6,40.6,40.3,0,0,0,219,0,0,0,2.18,5.92,7.77,30.33,99,0,0,30.4
2020-11-21T01:15:00-08:00,40.5,40.5,40.2,0,0,0,219,0,0,0,2.18,5.92,7.77,30.32,99,0,0,30.4
2020-11-21T01:10:00-08:00,40.5,40.5,40.2,0,0,0,219,0,0,0,2.18,5.92,7.77,30.33,99,0,0,30.4
2020-11-21T01:05:00-08:00,40.5,40.5,40.2,0,0,0,219,0,0,0,2.18,5.92,7.77,30.32,99,0,0,30.4
2020-11-21T01:00:00-08:00,40.5,40.5,40.2,0,0,0,219,0,0,0,2.18,5.92,7.77,30.33,99,0,0,30.4
2020-11-21T00:55:00-08:00,40.5,40.5,40.2,0,0,0,219,0,0,0,2.18,5.92,7.77,30.33,99,0,0,30.4
2020-11-21T00:50:00-08:00,40.3,40.3,40,0,0,0,219,0,0,0,2.18,5.92,7.77,30.33,99,0,0,30.4
2020-11-21T00:45:00-08:00,40.3,40.3,40,0,0,0,219,0,0,0,2.18,5.92,7.77,30.33,99,0,0,30.4
2020-11-21T00:40:00-08:00,40.3,40.3,40,0,0,0,219,0,0,0,2.18,5.92,7.77,30.32,99,0,0,30.4
2020-11-21T00:35:00-08:00,40.1,40.1,39.8,0,0,0,219,0,0,0,2.18,5.92,7.77,30.32,99,0,0,30.4
2020-11-21T00:30:00-08:00,40.1,40.1,39.8,0,0,0,219,0,0,0,2.18,5.92,7.77,30.32,99,0,0,30.39
2020-11-21T00:25:00-08:00,40.1,40.1,39.8,0,0,0,219,0,0,0,2.18,5.92,7.77,30.32,99,0,0,30.39
2020-11-21T00:20:00-08:00,40.1,40.1,39.8,0,0,0,219,0,0,0,2.18,5.92,7.77,30.33,99,0,0,30.4
2020-11-21T00:15:00-08:00,40.1,40.1,39.8,0,0,0,219,0,0,0,2.18,5.92,7.77,30.32,99,0,0,30.39
2020-11-21T00:10:00-08:00,40.1,40.1,39.8,0,0,0,219,0,0,0,2.18,5.92,7.77,30.32,99,0,0,30.39
2020-11-21T00:05:00-08:00,40.1,40.1,39.8,0,0,0,219,0,0,0,2.18,5.92,7.77,30.32,99,0,0,30.39
2020-11-21T00:00:00-08:00,39.9,39.9,39.6,0,0,0,219,0,0,0,2.18,5.92,7.77,30.33,99,0,0,30.4